# mysql企业必会29道面试题

 时间 2015-07-31 14:56:33 

原文http://lx.wxqrcode.com/post/71.html



#### 1.  登陆数据库。

```
    mysql -uroot -poldboy -S /data/3306/mysql.sock
```

#### 2.  查看数据库版本及当前登录用户是什么。

```sql
[root@lixiang ~]# mysql -V

    mysql  Ver 14.14 Distrib 5.5.32, for Linux (x86_64) using readline 5.1
    mysql> select version();
    +------------+
    | version()  |
    +------------+
    | 5.5.32-log |
    +------------+
   -- 查看当前版本
    mysql> select @@version;
    +------------+
    | @@version  |
    +------------+
    | 5.5.32-log |
    +------------+
    1 row in set (0.00 sec)
    --  查看当前用户
    mysql> select user();
    +----------------+
    | user()         |
    +----------------+
    | root@localhost |
    +----------------+
    1 row in set (0.04 sec)
```

#### 3.  创建 GBK  字符集的数据库  oldboy  ，并查看已建库的完整语句。

```sql
    --  方法一:
    create database oldboy character set gbk collater gbk_chinese_ci;
    --  方法二：
    mysql> create database oldboy;
    mysql> alter database oldboy character set gbk; 
    mysql> show create database oldboy;
    +----------+----------------------------------------------------------------+
    | Database | Create Database                                                |
    +----------+----------------------------------------------------------------+
    | oldboy   | CREATE DATABASE `oldboy` /*!40100 DEFAULT CHARACTER SET gbk */ |
    +----------+----------------------------------------------------------------+
    1 row in set (0.00 sec)
```

#### 4.  创建用户 oldboy  ，使之可以管理数据库  oldboy  。

```sql
    --  方法一：
    mysql> grant all on oldboy.* to oldboy@'localhost' identified by '123456';
    --  方法二：
    mysql> create user oldoy@'localhost' identified by 'oldboy123';
    mysql> grant all on oldboy.* to oldboy@'localhost';
```

#### 5.  查看创建的用户 oldboy  拥有哪些权限。

```sql
    mysql> show grants for oldboy@localhost;  
    +------------------------------------------------------------+
    | Grants for oldboy@localhost                                |
    +------------------------------------------------------------+
    | GRANT USAGE ON *.* TO 'oldboy'@'localhost'                 |
    | GRANT ALL PRIVILEGES ON `oldboy`.* TO 'oldboy'@'localhost' |
    +------------------------------------------------------------+
    2 rows in set (0.00 sec)
```

#### 6.  查看当前数据库里有哪些用户。

```sql
    mysql> SELECT DISTINCT CONCAT('User: ''',user,'''@''',host,''';') AS query FROM mysql.user;
    +-----------------------------+
    | query                       |
    +-----------------------------+
    | User: 'root'@'127.0.0.1';   |
    | User: 'rep'@'192.168.10.%'; |
    | User: 'root'@'::1';         |
    | User: ''@'lixiang';         |
    | User: 'root'@'lixiang';     |
    | User: ''@'localhost';       |
    | User: 'oldboy'@'localhost'; |
    | User: 'root'@'localhost';   |
    +-----------------------------+
    8 rows in set (0.03 sec)
     
    mysql> select user,host from mysql.user;  
    +--------+--------------+
    | user   | host         |
    +--------+--------------+
    | root   | 127.0.0.1    |
    | rep    | 192.168.10.% |
    | root   | ::1          |
    |        | lixiang      |
    | root   | lixiang      |
    |        | localhost    |
    | oldboy | localhost    |
    | root   | localhost    |
    +--------+--------------+
    8 rows in set (0.00 sec)
```

#### 7.  进入 oldboy  数据库

```sql
    use oldboy
```

#### 8.  创建一 innodb  引擎字符集为  GBK  表  test  ，字段为  id  和  name varchar(16)  ，查看建表结构及  SQL  语句。

```sql
    create table `test` ( `id` int(4) not null, `name` varchar(20) not null)ENGINE=InnoDB  DEFAULT CHARSET=gbk;
    mysql> DESC test;
    +-------+-------------+------+-----+---------+-------+
    | Field | Type        | Null | Key | Default | Extra |
    +-------+-------------+------+-----+---------+-------+
    | id    | int(4)      | NO   |     | NULL    |       |
    | name  | varchar(20) | NO   |     | NULL    |       |
    +-------+-------------+------+-----+---------+------
```

#### 9.  插入一条数据 1,oldboy

```sql
    insert into test(id,name) values(1,"oldboy");
```

#### 10.  批量插入数据 2,  老男孩，  3,etiantian  。要求中文不能乱码。

```sql
    mysql> insert into test values(2,"老男孩"),(3,"etiantian");
    Query OK, 2 rows affected (0.27 sec)
    Records: 2  Duplicates: 0  Warnings: 0
     
    mysql> select * from test;
    +----+-----------+
    | id | name      |
    +----+-----------+
    |  1 | oldboy    |
    |  2 | 老男孩    |
    |  3 | etiantian |
    +----+-----------+
```

#### 11.  查询插入的所有记录，查询名字为 oldboy  的记录。查询  id  大于  1  的记录。

```sql
    mysql> select * from test where name="oldboy";
    +----+--------+
    | id | name   |
    +----+--------+
    |  1 | oldboy |
    +----+--------+
     
    mysql> select * from test where id>1;         
    +----+-----------+
    | id | name      |
    +----+-----------+
    |  2 | 老男孩    |
    |  3 | etiantian |
    +----+-----------+
```

#### 12.  把数据 id  等于  1  的名字  oldboy  更改为  oldgirl  。

```sql
    mysql> update test set name="oldgirl" where id=1;
    Query OK, 1 row affected (0.00 sec)
    Rows matched: 1  Changed: 1  Warnings: 0
     
    mysql> select * from test;
    +----+-----------+
    | id | name      |
    +----+-----------+
    |  1 | oldgirl   |
    |  2 | 老男孩    |
    |  3 | etiantian |
    +----+-----------+
```

#### 13.  在字段 name  前插入  age  字段，类型  tinyint(4)  。

```sql
    mysql> alter table test add age tinyint(4) after id;
    Query OK, 3 rows affected (0.04 sec)
    Records: 3  Duplicates: 0  Warnings: 0
     
    mysql> desc test;
    +-------+-------------+------+-----+---------+-------+
    | Field | Type        | Null | Key | Default | Extra |
    +-------+-------------+------+-----+---------+-------+
    | id    | int(4)      | NO   |     | NULL    |       |
    | age   | tinyint(4)  | YES  |     | NULL    |       |
    | name  | varchar(20) | NO   |     | NULL    |       |
    +-------+-------------+------+-----+---------+-------+
```

#### 14.  备份 oldboy  库及  MySQL  库。

```sql
    mysqldump -uroot -poldboy123 -S /data/3306/mysql.sock -B --events -x mysql oldboy > /opt/$(date +%F).sql
```

#### 15.  删除表中的所有数据，并查看。

```sql
    mysql> TRUNCATE oldboy.test;
    Query OK, 0 rows affected (0.03 sec)
     
    mysql> select * from test;
    Empty set (0.00 sec)
```

#### 16.  删除表 test  和  oldboy  数据库并查看

```sql
    mysql> drop table test;
    Query OK, 0 rows affected (0.04 sec)
     
    mysql> show tables;    
    +------------------+
    | Tables_in_oldboy |
    +------------------+
    | student          |
    +------------------+
    1 row in set (0.00 sec)
     
    mysql> drop database oldboy;
    Query OK, 1 row affected (0.03 sec)
     
    mysql> show databases;
    +--------------------+
    | Database           |
    +--------------------+
    | information_schema |
    | lx                 |
    | mysql              |
    | oldboy_gbk         |
    | performance_schema |
    +--------------------+
```

#### 17.  Linux 命令行恢复以上删除的数据。

```sql
    mysql -uroot -poldboy123 -S /data/3306/mysql.sock<bb.sql
```

#### 18.  把 GBK  字符集修改为  UTF8  （可选，注意，此题有陷阱）。



#### 19.  MySQL 密码丢了，如何找回实战？

```sql
    a、关闭mysql， /data/3306/mysql stop  或pkill mysqld
    b、mysqld_safe --defaults-file=/data/3306/my.cnf --skip-grant-table &
    c、mysql -uroot -p -S /data/3306/mysql.sock ,按 enter进入
    d、修改密码，UPDATE mysql.user SET password=PASSWORD("oldboy123") WHERE user='root' and host='localhost';
```

#### 20.  MySQL 内中文数据乱码的原理及如何防止乱码？（可选）。



#### 21.  在把 id  列设置为主键，在  Name  字段上创建普通索引。

```sql
    mysql> alter table test change id id int primary key auto_increment;  
    alter table test add index index_name(name)
    --  查看索引
    mysql> desc test;   
    +-------+-------------+------+-----+---------+----------------+
    | Field | Type        | Null | Key | Default | Extra          |
    +-------+-------------+------+-----+---------+----------------+
    | id    | int(11)     | NO   | PRI | NULL    | auto_increment |
    | AGE   | tinyint(4)  | YES  |     | NULL    |                |
    | name  | varchar(20) | NO   | MUL | NULL    |                |
    +-------+-------------+------+-----+---------+----------------+
```

#### 22.  在字段 name  后插入手机号字段  (shouji)  ，类型  char(11)  。

```sql
    mysql> alter table test add shouji char(11) after name;
```

#### 23.  所有字段上插入 2  条记录（自行设定数据）

```sql
    insert into test(id,AGE,name,shouji) values("4","23","zhangsan","1587160834"),("5","43","zhangsan","1587160349"); 
    mysql> select * from test;         
    +----+------+-----------+------------+
    | id | AGE  | name      | shouji     |
    +----+------+-----------+------------+
    |  1 |   23 | oldgirl   | NULL       |
    |  2 |   24 | 老男孩    | NULL       |
    |  3 |   25 | etiantian | NULL       |
    |  4 |   23 | zhangsan  | 1587160834 |
    |  5 |   43 | zhangsan  | 1587160349 |
    +----+------+-----------+------------+
```

#### 24.  在手机字段上对前 8  个字符创建普通索引。

```sql
    create index shouji on test(shouji(8));

    alter table test add index shouji(shouji(8));
```

#### 25.  查看创建的索引及索引类型等信息。

```sql
    mysql> desc test;
    +--------+-------------+------+-----+---------+----------------+
    | Field  | Type        | Null | Key | Default | Extra          |
    +--------+-------------+------+-----+---------+----------------+
    | id     | int(11)     | NO   | PRI | NULL    | auto_increment |
    | AGE    | tinyint(4)  | YES  |     | NULL    |                |
    | name   | varchar(20) | NO   | MUL | NULL    |                |
    | shouji | char(11)    | YES  | MUL | NULL    |                |
    +--------+-------------+------+-----+---------+----------------+
     
    mysql> show index from test\G;
    *************************** 1. row ***************************
            Table: test
       Non_unique: 0
         Key_name: PRIMARY
     Seq_in_index: 1
      Column_name: id
        Collation: A
      Cardinality: 5
         Sub_part: NULL
           Packed: NULL
             Null: 
       Index_type: BTREE
          Comment: 
    Index_comment: 
    *************************** 2. row ***************************
            Table: test
       Non_unique: 1
         Key_name: index_name
     Seq_in_index: 1
      Column_name: name
        Collation: A
      Cardinality: 5
         Sub_part: NULL
           Packed: NULL
             Null: 
       Index_type: BTREE
          Comment: 
    Index_comment: 
    *************************** 3. row ***************************
            Table: test
       Non_unique: 1
         Key_name: shouji
     Seq_in_index: 1
      Column_name: shouji
        Collation: A
      Cardinality: 5
         Sub_part: 8
           Packed: NULL
             Null: YES
       Index_type: BTREE
          Comment: 
    Index_comment: 
    3 rows in set (0.00 sec)
```

#### 26.  删除 Name  ，  shouji  列的索引。

```sql
    alter table test drop index index_name;
    alter table test drop index shouji;
    mysql> desc test;
    +--------+-------------+------+-----+---------+----------------+
    | Field  | Type        | Null | Key | Default | Extra          |
    +--------+-------------+------+-----+---------+----------------+
    | id     | int(11)     | NO   | PRI | NULL    | auto_increment |
    | AGE    | tinyint(4)  | YES  |     | NULL    |                |
    | name   | varchar(20) | NO   |     | NULL    |                |
    | shouji | char(11)    | YES  |     | NULL    |                |
    +--------+-------------+------+-----+---------+----------------+
```

#### 27.  对 Name  列的前  6  个字符以及手机列的前  8  个字符组建联合索引。

```sql
    create index index_name_shouji on test(name(6),shouji(8));
    mysql> show index from test;  
    +-------+------------+-------------------+--------------+-------------+-----------+-------------+----------+--------+------+------------+---------+---------------+
    | Table | Non_unique | Key_name          | Seq_in_index | Column_name | Collation | Cardinality | Sub_part | Packed | Null | Index_type | Comment | Index_comment |
    +-------+------------+-------------------+--------------+-------------+-----------+-------------+----------+--------+------+------------+---------+---------------+
    | test  |          0 | PRIMARY           |            1 | id          | A         |           5 |     NULL | NULL   |      | BTREE      |         |               |
    | test  |          1 | index_name_shouji |            1 | name        | A         |           5 |        6 | NULL   |      | BTREE      |         |               |
    | test  |          1 | index_name_shouji |            2 | shouji      | A         |           5 |        8 | NULL   | YES  | BTREE      |         |               |
    +-------+------------+-------------
```

#### 28.  查询手机号以 135  开头的，名字为  oldboy  的记录（此记录要提前插入）。

```sql
    mysql> insert into test values(6,21,"oldboy",13578901230);
    mysql> insert into test values(6,21,"oldboy",13578901230);
    Query OK, 1 row affected (0.00 sec)
     
    mysql> select * from test;                                
    +----+------+-----------+-------------+
    | id | AGE  | name      | shouji      |
    +----+------+-----------+-------------+
    |  1 |   23 | oldgirl   | NULL        |
    |  2 |   24 | 老男孩    | NULL        |
    |  3 |   25 | etiantian | NULL        |
    |  4 |   23 | zhangsan  | 1587160834  |
    |  5 |   43 | wangwu    | 1587160349  |
    |  6 |   21 | oldboy    | 13578901230 |
    +----+------+-----------+-------------+
     
    mysql> select * from test where name="oldboy" and shouji like "%135%";
    +----+------+--------+-------------+
    | id | AGE  | name   | shouji      |
    +----+------+--------+-------------+
    |  6 |   21 | oldboy | 13578901230 |
    +----+------+--------+-------------+
```

#### 29.  查询上述语句的执行计划（是否使用联合索引等）。

```sql
    mysql> explain select * from test where name="oldboy" and shouji like "%135%"\G;
    *************************** 1. row ***************************
               id: 1
      select_type: SIMPLE
            table: test
             type: ref
    possible_keys: index_name_shouji
              key: index_name_shouji
          key_len: 14
              ref: const
             rows: 1
            Extra: Using where
    1 row in set (0.00 sec)
     
    ERROR: 
    No query specified
    --  很明显我们能够看到索引：index_name_shouji
```
